Date,Last Price,Volume
12/2/2019,3114.75,1331642
11/29/2019,3143.75,902189
11/27/2019,3153.75,928792
11/26/2019,3143.75,1068011
11/25/2019,3132.75,947831
11/22/2019,3111.5,995416
11/21/2019,3104,1434552
11/20/2019,3109,1693828
11/19/2019,3118.5,1195901
11/18/2019,3121.75,1034214
11/15/2019,3118.25,1251167
11/14/2019,3097,1105353
11/13/2019,3095.5,1251057
11/12/2019,3092,1101243
11/11/2019,3087.5,844597
11/8/2019,3090.5,1080147
11/7/2019,3086,1353330
11/6/2019,3075.5,1076833
11/5/2019,3072,1124217
11/4/2019,3075.75,1179714
11/1/2019,3063.25,1279508
10/31/2019,3035.75,1766536
10/30/2019,3047.75,1179153
10/29/2019,3035.75,1040149
10/28/2019,3036.25,1041931
10/25/2019,3020.25,1098391
10/24/2019,3004.25,1061278
10/23/2019,3005.75,1055958
10/22/2019,2994.5,1125601
10/21/2019,3006.5,886557
10/18/2019,2988.25,1335276
10/17/2019,2998,1121748
10/16/2019,2991.5,1148118
10/15/2019,2997.75,1181207
10/14/2019,2965.5,833670
10/11/2019,2970.75,1743810
10/10/2019,2941,1577766
10/9/2019,2919,1305749
10/8/2019,2892.5,1865325
10/7/2019,2937.5,1266872
10/4/2019,2951,1497975
10/3/2019,2911.75,2037970
10/2/2019,2880.5,2126769
10/1/2019,2937.75,1601531
9/30/2019,2978.5,1155807
9/27/2019,2963.75,1673557
9/26/2019,2980.5,1351351
9/25/2019,2986.25,1501723
9/24/2019,2970.25,1936806
9/23/2019,2997,1044218
9/20/2019,3013.61,37786
9/19/2019,3006,372849
9/18/2019,3006.25,637344
9/17/2019,3005.5,1096388
9/16/2019,2999,1197095
9/13/2019,3006.5,1275710
9/12/2019,3011.75,1745651
9/11/2019,3002,1423833
9/10/2019,2978.5,1493346
9/9/2019,2978.25,1199935
9/6/2019,2980.75,1182287
9/5/2019,2972,1669999
9/4/2019,2938.5,1252834
9/3/2019,2906,1999829
8/30/2019,2924.75,1642516
8/29/2019,2926.75,1489670
8/28/2019,2889.75,1489617
8/27/2019,2865.5,1528362
8/26/2019,2883.25,1850231
8/23/2019,2855.5,2864662
8/22/2019,2922.25,1470309
8/21/2019,2929.25,1180368
8/20/2019,2898.25,1475214
8/19/2019,2923.75,1285798
8/16/2019,2891.5,1631175
8/15/2019,2848.5,2495340
8/14/2019,2840.75,2786308
8/13/2019,2932,2184012
8/12/2019,2880.25,1710875
8/9/2019,2919.75,2026304
8/8/2019,2940,1800667
8/7/2019,2880.5,2680813
8/6/2019,2876,2601037
8/5/2019,2830,3072122
8/2/2019,2932.5,2447014
8/1/2019,2952,2736926
7/31/2019,2982.25,1951108
7/30/2019,3012.25,1182050
7/29/2019,3021.75,823572
7/26/2019,3024.5,961015
7/25/2019,3006.5,1333721
7/24/2019,3021.5,1068766
7/23/2019,3008,1056909
7/22/2019,2989,1098399
7/19/2019,2977,1482373
7/18/2019,2997.5,1345038
7/17/2019,2985,1039457
7/16/2019,3007,939814
7/15/2019,3017.25,829936
7/12/2019,3015.5,969956
7/11/2019,3004,1181911
7/10/2019,2997.5,1422362
7/9/2019,2982,956650
7/8/2019,2978.5,1016611
7/5/2019,2990.5,1339312
7/3/2019,3000.25,805258
7/2/2019,2979.5,1119495
7/1/2019,2967.75,1457722
6/28/2019,2944.25,1322759
6/27/2019,2931,1060248
6/26/2019,2918,1232682
6/25/2019,2922,1417191
6/24/2019,2952,910166
6/21/2019,2953.9,47851
6/20/2019,2955.75,473310
6/19/2019,2929,638949
6/18/2019,2921.75,1073047
6/17/2019,2892,1157402
6/14/2019,2890.5,1257750
6/13/2019,2894.5,1437516
6/12/2019,2881,1205406
6/11/2019,2887,1397028
6/10/2019,2889.25,1416247
6/7/2019,2875,1687328
6/6/2019,2845.75,1566762
6/5/2019,2827.75,1743779
6/4/2019,2805,1836910
6/3/2019,2749.5,2297243
5/31/2019,2752.5,2211587
5/30/2019,2790.5,1282029
5/29/2019,2780,2087458
5/28/2019,2805,1633540
5/24/2019,2831.75,1201967
5/23/2019,2819.5,2013518
5/22/2019,2857.5,1258767
5/21/2019,2866,1303238
5/20/2019,2844,1659139
5/17/2019,2862,1926351
5/16/2019,2878.5,1687728
5/15/2019,2855,1753507
5/14/2019,2839.25,1797995
5/13/2019,2807,2790074
5/10/2019,2887,2848095
5/9/2019,2872.75,2705412
5/8/2019,2887.25,2043325
5/7/2019,2890.75,2813033
5/6/2019,2932.5,2037157
5/3/2019,2947.5,1295606
5/2/2019,2917.5,1813837
5/1/2019,2923,1502201
4/30/2019,2948.5,1491268
4/29/2019,2943,944846
4/26/2019,2941.5,1246988
4/25/2019,2926.25,1376185
4/24/2019,2930.75,1125250
4/23/2019,2938,1193738
4/22/2019,2912.5,706067
4/18/2019,2910,1335778
4/17/2019,2900.5,1382265
4/16/2019,2911.5,1124491
4/15/2019,2909.5,955662
4/12/2019,2912.5,1227893
4/11/2019,2891.75,968649
4/10/2019,2894.5,972310
4/9/2019,2882.5,1182395
4/8/2019,2898.25,978909
4/5/2019,2896,1221029
4/4/2019,2882.75,1045539
4/3/2019,2879.75,1240848
4/2/2019,2867,859942
4/1/2019,2870.5,1256933
3/29/2019,2837.75,1491974
3/28/2019,2821,1185882
3/27/2019,2810.5,1726746
3/26/2019,2823,1461068
3/25/2019,2807,1801326
3/22/2019,2810.75,2254842
3/21/2019,2862.5,1657949
3/20/2019,2827,1693207
3/19/2019,2836.5,1497577
3/18/2019,2840.5,1036540
3/15/2019,2813.25,42982
3/14/2019,2807.25,312374
3/13/2019,2814.5,565289
3/12/2019,2792,935159
3/11/2019,2784,1270035
3/8/2019,2747,1359646
3/7/2019,2750,1890655
3/6/2019,2771.5,1471244
3/5/2019,2791.5,1186343
3/4/2019,2791.5,1743542
3/1/2019,2805,1225267
2/28/2019,2784.75,1300296
2/27/2019,2795,1117837
2/26/2019,2791.5,1171497
2/25/2019,2797,1214030
2/22/2019,2791.25,1145894
2/21/2019,2774.25,1389548
2/20/2019,2787,1241391
2/19/2019,2778.75,1156206
2/15/2019,2777,1457027
2/14/2019,2743.5,1643963
2/13/2019,2749.5,1181694
2/12/2019,2744.75,1264777
2/11/2019,2708.25,1088954
2/8/2019,2706.25,1518741
2/7/2019,2704,1876609
2/6/2019,2729.5,1144424
2/5/2019,2731,1202186
2/4/2019,2721.25,995667
2/1/2019,2704.25,1411322
1/31/2019,2704.5,1831477
1/30/2019,2682.5,1508478
1/29/2019,2640.25,1216534
1/28/2019,2642,1368593
1/25/2019,2663.5,1333954
1/24/2019,2634,1247996
1/23/2019,2638.25,1549383
1/22/2019,2632,1844470
1/18/2019,2671.5,1685814
1/17/2019,2635.25,1479772
1/16/2019,2613.25,1274031
1/15/2019,2605.5,1494266
1/14/2019,2580.5,1164904
1/11/2019,2595,1152538
1/10/2019,2594,1485966
1/9/2019,2582.5,1545615
1/8/2019,2572.5,1622345
1/7/2019,2550.5,1588817
1/4/2019,2531.25,2274892
1/3/2019,2447.75,2204484
1/2/2019,2511,1915336
12/31/2018,2505.25,1347509
12/28/2018,2486,1943894
12/27/2018,2495,2199475
12/26/2018,2471,1926447
12/24/2018,2341.75,1239632
12/21/2018,2467.75,65700
12/20/2018,2485.75,562742
12/19/2018,2503.25,788551
12/18/2018,2535.75,1178916
12/17/2018,2552.5,1552030
12/14/2018,2602,1592105
12/13/2018,2645.5,2007047
12/12/2018,2652.5,1850606
12/11/2018,2641.25,2233029
12/10/2018,2643,2528426
12/7/2018,2636,2508165
12/6/2018,2691,3245782
12/5/2018,2701.75,184485
12/4/2018,2701.75,2617933
12/3/2018,2790.75,1842048
11/30/2018,2758.25,1418344
11/29/2018,2744.25,1468632
11/28/2018,2741.5,1805261
11/27/2018,2683.5,1466895
11/26/2018,2670,1337376
11/23/2018,2629.5,827480
11/21/2018,2649,1394368
11/20/2018,2640,2498318
11/19/2018,2696.25,1941981
11/16/2018,2743,1816490
11/15/2018,2734.5,2351759
11/14/2018,2698.5,2236488
11/13/2018,2727.5,2076087
11/12/2018,2727.75,1884247
11/9/2018,2779,1662766
11/8/2018,2808.75,1291176
11/7/2018,2816.5,1853834
11/6/2018,2759,1239444
11/5/2018,2739.5,1277939
11/2/2018,2724.25,2302607
11/1/2018,2738,1779694
10/31/2018,2711,2373596
10/30/2018,2685.25,2445536
10/29/2018,2643.5,2720697
10/26/2018,2669.5,3410150
10/25/2018,2688.25,2479997
10/24/2018,2664.25,2783685
10/23/2018,2746.25,2780303
10/22/2018,2756.5,1621903
10/19/2018,2767.5,1950864
10/18/2018,2772.25,2171262
10/17/2018,2816.25,1887126
10/16/2018,2817.75,1730133
10/15/2018,2749,1714171
10/12/2018,2768.5,2713901
10/11/2018,2745.5,3929532
10/10/2018,2781,3371169
10/9/2018,2888.25,1733476
10/8/2018,2893.75,1720589
10/5/2018,2894,2245369
10/4/2018,2907.75,2127092
10/3/2018,2931.5,1225248
10/2/2018,2928.5,1116193
10/1/2018,2930,1211647
9/28/2018,2919,1360541
9/27/2018,2920,1177203
9/26/2018,2911.5,1274595
9/25/2018,2921.25,1014128
9/24/2018,2925.5,1111755
9/21/2018,2943,38480
9/20/2018,2934,349971
9/19/2018,2910,548972
9/18/2018,2906.5,960957
9/17/2018,2891,1135552
9/14/2018,2906.25,1171968
9/13/2018,2905.25,1612993
9/12/2018,2888.5,1548446
9/11/2018,2889.75,1245406
9/10/2018,2880.25,1220814
9/7/2018,2874.75,1647915
9/6/2018,2879,1596947
9/5/2018,2888.25,1568197
9/4/2018,2898.25,1578514
8/31/2018,2902,1241706
8/30/2018,2902,1297025
8/29/2018,2914.75,1070631
8/28/2018,2899.25,886424
8/27/2018,2898.5,927736
8/24/2018,2876.75,989679
8/23/2018,2858,1033934
8/22/2018,2861.25,973986
8/21/2018,2861.75,1029636
8/20/2018,2858.5,787038
8/17/2018,2852.25,1165395
8/16/2018,2844.75,1244434
8/15/2018,2821.25,1812133
8/14/2018,2841,1006447
8/13/2018,2825.5,1261360
8/10/2018,2836.75,1360261
8/9/2018,2853.75,686671
8/8/2018,2855.25,719280
8/7/2018,2859.75,760607
8/6/2018,2850,772342
8/3/2018,2839.5,873248
8/2/2018,2828.5,1209107
8/1/2018,2810.75,1072528
7/31/2018,2817,1304639
7/30/2018,2803.25,1152426
7/27/2018,2817.5,1455009
7/26/2018,2842.5,1010052
7/25/2018,2841.25,1271726
7/24/2018,2821,1317981
7/23/2018,2812,802099
7/20/2018,2800.75,979263
7/19/2018,2805.25,1056723
7/18/2018,2816,834134
7/17/2018,2811.25,1021295
7/16/2018,2796.5,776104
7/13/2018,2803.25,901791
7/12/2018,2798.5,1098628
7/11/2018,2774,1331211
7/10/2018,2796.75,903305
7/9/2018,2787.5,942480
7/6/2018,2763,1229285
7/5/2018,2738.5,1140362
7/3/2018,2713.25,827748
7/2/2018,2727.25,1184392
6/29/2018,2721.5,1557893
6/28/2018,2719.5,1660683
6/27/2018,2705,2069866
6/26/2018,2728.5,1370552
6/25/2018,2722.25,2149593
6/22/2018,2759.5,1073623
6/21/2018,2752.5,1457299
6/20/2018,2772,1034737
6/19/2018,2766.25,1583103
6/18/2018,2779.75,970070
6/15/2018,2776.5,45298
6/14/2018,2783.25,357360
6/13/2018,2774.25,585659
6/12/2018,2784,945655
6/11/2018,2783,1179868
6/8/2018,2778.75,1291932
6/7/2018,2772.25,1744712
6/6/2018,2772.25,1296474
6/5/2018,2751.5,972203
6/4/2018,2745.5,826178
6/1/2018,2733.75,1164165
5/31/2018,2705.5,1616744
5/30/2018,2724.5,1387545
5/29/2018,2692.25,1919923
5/25/2018,2718.25,965082
5/24/2018,2727.5,1226076
5/23/2018,2730.75,1264269
5/22/2018,2726,859759
5/21/2018,2733,911242
5/18/2018,2713,985659
5/17/2018,2718.75,1043897
5/16/2018,2723,1033300
5/15/2018,2709,1486522
5/14/2018,2731,924062
5/11/2018,2729.5,1027300
5/10/2018,2718.75,1149345
5/9/2018,2696,1219066
5/8/2018,2670.25,1242956
5/7/2018,2670,1106056
5/4/2018,2663,1627248
5/3/2018,2631.75,2085915
5/2/2018,2627.5,1368993
5/1/2018,2652.25,1294588
4/30/2018,2647,1278496
4/27/2018,2671.5,1120149
4/26/2018,2674.5,1253088
4/25/2018,2644.5,1852769
4/24/2018,2635.25,2299749
4/23/2018,2671.25,1205027
4/20/2018,2671.5,1575350
4/19/2018,2693,1530003
4/18/2018,2709.75,1027616
4/17/2018,2706.5,1217732
4/16/2018,2681.75,1186422
4/13/2018,2657.25,1647627
4/12/2018,2664,1252235
4/11/2018,2641,1584027
4/10/2018,2655,1943849
4/9/2018,2619,1713782
4/6/2018,2605.75,2512853
4/5/2018,2661.75,1588771
4/4/2018,2647,2175430
4/3/2018,2613.25,2158961
4/2/2018,2575,2324918
3/29/2018,2643,1960617
3/28/2018,2607.5,2730613
3/27/2018,2615.75,2367868
3/26/2018,2659.5,2209338
3/23/2018,2597.75,2780887
3/22/2018,2643.25,2492434
3/21/2018,2718.25,1392373
3/20/2018,2723.5,1085927
3/19/2018,2722.75,1947147
3/16/2018,2752.75,46761
3/15/2018,2751.5,347174
3/14/2018,2749.75,749192
3/13/2018,2768.5,1201698
3/12/2018,2784,1210960
3/9/2018,2784,1497678
3/8/2018,2739.25,1477276
3/7/2018,2723.25,1806489
3/6/2018,2724,1419036
3/5/2018,2718.5,1732111
3/2/2018,2690.25,2119741
3/1/2018,2678.25,2762765
2/28/2018,2714.5,1775839
2/27/2018,2747.5,1682036
2/26/2018,2784.5,1207718
2/23/2018,2748.75,1203636
2/22/2018,2711.5,1577667
2/21/2018,2698.75,1573160
2/20/2018,2714,1408201
2/16/2018,2735,1680889
2/15/2018,2734,1624113
2/14/2018,2697,2020201
2/13/2018,2661.75,1430550
2/12/2018,2655.25,2104312
2/9/2018,2619,3803424
2/8/2018,2593.5,3070823
2/7/2018,2668.25,2426803
2/6/2018,2694.25,4714937
2/5/2018,2607.75,3907322
2/2/2018,2756.75,2439327
2/1/2018,2822.5,1605424
1/31/2018,2825.75,1769945
1/30/2018,2824.5,2060109
1/29/2018,2853.5,1357169
1/26/2018,2874.5,1205037
1/25/2018,2841.25,1375128
1/24/2018,2841,1767404
1/23/2018,2839.5,1201503
1/22/2018,2835.25,1102799
1/19/2018,2811,1296816
1/18/2018,2796.25,1220803
1/17/2018,2803.75,1445807
1/16/2018,2782.5,1930469
1/12/2018,2788.75,1300191
1/11/2018,2769.5,1008773
1/10/2018,2750.5,1261868
1/9/2018,2752.25,1120793
1/8/2018,2746.75,875936
1/5/2018,2742.5,1094202
1/4/2018,2723.75,1139096
1/3/2018,2711,1083017
1/2/2018,2693,968987
12/29/2017,2676,1055982
12/28/2017,2685.75,519713
12/27/2017,2685.5,627745
12/26/2017,2687,360430
12/22/2017,2686,591050
12/21/2017,2687.75,813005
12/20/2017,2681.5,934245
12/19/2017,2684,965199
12/18/2017,2694.5,1006782
12/15/2017,2666.75,34566
12/14/2017,2653.25,445627
12/13/2017,2666.5,722330
12/12/2017,2665,1021573
12/11/2017,2661.5,1217692
12/8/2017,2651,1132215
12/7/2017,2639.5,1290996
12/6/2017,2629.25,1239225
12/5/2017,2628.25,1349781
12/4/2017,2638.25,1730084
12/1/2017,2644,2484052
11/30/2017,2648,2303448
11/29/2017,2625,1642816
11/28/2017,2626,1539152
11/27/2017,2601.75,931107
11/24/2017,2601,536543
11/22/2017,2594.5,747869
11/21/2017,2596.25,1130421
11/20/2017,2582,988166
11/17/2017,2576.25,1169730
11/16/2017,2585,1512201
11/15/2017,2565,1900941
11/14/2017,2578,1573219
11/13/2017,2582,1044536
11/10/2017,2579.5,1178663
11/9/2017,2584,2203891
11/8/2017,2591,1037057
11/7/2017,2586.75,1152813
11/6/2017,2588.75,828740
11/3/2017,2582.75,974513
11/2/2017,2576.75,1262640
11/1/2017,2574.75,1269785
10/31/2017,2572.75,1021252
10/30/2017,2568.25,1190925
10/27/2017,2578.5,1543852
10/26/2017,2561.5,1361504
10/25/2017,2558.5,2088185
10/24/2017,2567.25,1035758
10/23/2017,2563.5,1217936
10/20/2017,2574,1236659
10/19/2017,2560.5,1346925
10/18/2017,2560,738261
10/17/2017,2557,728656
10/16/2017,2556.25,780973
10/13/2017,2552.75,905072
10/12/2017,2549.5,924519
10/11/2017,2553,804892
10/10/2017,2548.5,1141304
10/9/2017,2543.75,719501
10/6/2017,2545,1138029
10/5/2017,2550,1086185
10/4/2017,2536.25,943600
10/3/2017,2532.75,836809
10/2/2017,2526.25,1113226
9/29/2017,2516,1325100
9/28/2017,2507.75,1097115
9/27/2017,2504.5,1562400
9/26/2017,2495.5,1136782
9/25/2017,2497,1527029
9/22/2017,2499.5,1008511
9/21/2017,2501,1110754
9/20/2017,2505.25,1214848
9/19/2017,2504.75,952378
9/18/2017,2502.75,1076633
9/15/2017,2496,54760
9/14/2017,2496.5,402602
9/13/2017,2496.5,602757
9/12/2017,2496,1028939
9/11/2017,2487.5,1305963
9/8/2017,2462.5,1212116
9/7/2017,2466.5,1514891
9/6/2017,2465.5,1553109
9/5/2017,2459.75,2102839
9/1/2017,2474.25,1025982
8/31/2017,2470,1701193
8/30/2017,2455.75,1280219
8/29/2017,2447,1606329
8/28/2017,2443.75,925259
8/25/2017,2442.5,1181314
8/24/2017,2440.75,1389728
8/23/2017,2441.5,1230848
8/22/2017,2452.75,1357110
8/21/2017,2428,1320240
8/18/2017,2426.75,2181421
8/17/2017,2429.5,2218607
8/16/2017,2467.5,1128960
8/15/2017,2463.75,1050857
8/14/2017,2463.5,1460697
8/11/2017,2440,1645294
8/10/2017,2437.5,2307321
8/9/2017,2473,1546074
8/8/2017,2472.75,1360425
8/7/2017,2477.5,586256
8/4/2017,2472,1056850
8/3/2017,2471.75,1079166
8/2/2017,2473.5,1292615
8/1/2017,2472.25,1036810
7/31/2017,2468,1184133
7/28/2017,2470.25,1138605
7/27/2017,2472,1642155
7/26/2017,2473.25,950620
7/25/2017,2474,1067744
7/24/2017,2468.5,847057
7/21/2017,2469.5,1080206
7/20/2017,2471.25,1095397
7/19/2017,2471.5,941160
7/18/2017,2457.75,1072350
7/17/2017,2458.5,846768
7/14/2017,2456,1076239
7/13/2017,2445.5,934983
7/12/2017,2440,1129422
7/11/2017,2424.5,1127920
7/10/2017,2424.5,849888
7/7/2017,2422.5,1249140
7/6/2017,2408.5,1590195
7/5/2017,2428,1276362
7/3/2017,2425,750433
6/30/2017,2421,1614299
6/29/2017,2420,2329022
6/28/2017,2438.5,1545009
6/27/2017,2420.5,1625794
6/26/2017,2436,1257593
6/23/2017,2435,1187845
6/22/2017,2431.75,1048845
6/21/2017,2433.5,1362536
6/20/2017,2437.5,1322839
6/19/2017,2447.5,1213287
6/16/2017,2434.89,47304
6/15/2017,2434.25,470125
6/14/2017,2437.25,680887
6/13/2017,2440,1027097
6/12/2017,2428.5,1248108
6/9/2017,2430.5,1580087
6/8/2017,2432.5,1440605
6/7/2017,2432,1405067
6/6/2017,2430.75,1344999
6/5/2017,2434.5,876858
6/2/2017,2437.75,1712391
6/1/2017,2429.5,1426040
5/31/2017,2411,1712282
5/30/2017,2410.75,1030338
5/26/2017,2413.75,859823
5/25/2017,2413.5,1309737
5/24/2017,2402,975714
5/23/2017,2398,1021864
5/22/2017,2392.75,1108280
5/19/2017,2381.5,1654206
5/18/2017,2363.5,2446565
5/17/2017,2357.5,2784613
5/16/2017,2397,1068724
5/15/2017,2398.5,1025998
5/12/2017,2388.75,1069025
5/11/2017,2391,1349506
5/10/2017,2395.25,992071
5/9/2017,2393.25,1100123
5/8/2017,2395,948984
5/5/2017,2397.75,1117083
5/4/2017,2385.5,1216759
5/3/2017,2383.25,1069079
5/2/2017,2385.75,949709
5/1/2017,2387,897581
4/28/2017,2380.5,1145074
4/27/2017,2386,1100596
4/26/2017,2382.25,1480057
4/25/2017,2385,1313467
4/24/2017,2370,1532426
4/21/2017,2347.5,1257878
4/20/2017,2352,1445311
4/19/2017,2333.75,1237406
4/18/2017,2337.25,1424462
4/17/2017,2345,970895
4/13/2017,2327.5,1574295
4/12/2017,2340.75,1521451
4/11/2017,2351,1844449
4/10/2017,2352.5,1345921
4/7/2017,2352.25,1459651
4/6/2017,2353.75,1576103
4/5/2017,2346.5,1925443
4/4/2017,2356.5,1203495
4/3/2017,2356,1696546
3/31/2017,2359.25,1537333
3/30/2017,2364.5,1158742
3/29/2017,2357,1146485
3/28/2017,2351.5,1609213
3/27/2017,2338.5,1599064
3/24/2017,2344.75,1586782
3/23/2017,2340,1623363
3/22/2017,2342.5,1867679
3/21/2017,2342.25,2561718
3/20/2017,2370.25,1068659
3/17/2017,2385.8,42536
3/16/2017,2382.75,373164
3/15/2017,2383.75,603215
3/14/2017,2366.5,940754
3/13/2017,2375,1037046
3/10/2017,2371.75,1342959
3/9/2017,2366.25,1770104
3/8/2017,2364,1624271
3/7/2017,2366.5,1287556
3/6/2017,2375.5,1359673
3/3/2017,2381.25,1336318
3/2/2017,2382,1730192
3/1/2017,2393.5,2128134
2/28/2017,2362.75,1568227
2/27/2017,2368.25,1147391
2/24/2017,2365,1534649
2/23/2017,2362.75,1552446
2/22/2017,2361,1285982
2/21/2017,2360,1621224
2/17/2017,2348,1376784
2/16/2017,2345.5,1728823
2/15/2017,2350.5,1512296
2/14/2017,2337,1381949
2/13/2017,2326.25,1199878
2/10/2017,2312.75,1165082
2/9/2017,2304.25,1347083
2/8/2017,2290.25,1277856
2/7/2017,2288.5,1191892
2/6/2017,2286.5,1157602
2/3/2017,2291,1405520
2/2/2017,2275.5,1409287
2/1/2017,2274.5,1552967
1/31/2017,2274.5,1614719
1/30/2017,2276,1839106
1/27/2017,2289,935648
1/26/2017,2294,1158788
1/25/2017,2294,1373506
1/24/2017,2274.5,1259276
1/23/2017,2262,1425498
1/20/2017,2266,1709890
1/19/2017,2261.5,1380107
1/18/2017,2266.5,1105488
1/17/2017,2262.75,1532405
1/13/2017,2272.5,1183362
1/12/2017,2263.5,1747172
1/11/2017,2270.5,1728267
1/10/2017,2263.75,1300368
1/9/2017,2265,1019957
1/6/2017,2271.5,1542214
1/5/2017,2264.25,1312627
1/4/2017,2264.25,1385650
1/3/2017,2252.5,1787898
12/30/2016,2236.25,1252004
12/29/2016,2245,883279
12/28/2016,2245.25,976944
12/27/2016,2261,490809
12/23/2016,2260,391513
12/22/2016,2258.75,832335
12/21/2016,2260.5,649932
12/20/2016,2266.5,806369
12/19/2016,2260,920943
12/16/2016,2268.63,49846
12/15/2016,2263.5,461219
12/14/2016,2257,762001
12/13/2016,2273.25,1050261
12/12/2016,2256,1011851
12/9/2016,2260,1074015
12/8/2016,2247.75,2103332
12/7/2016,2236.75,2316709
12/6/2016,2210,1475806
12/5/2016,2204.25,1654461
12/2/2016,2192,1666803
12/1/2016,2192,2145896
11/30/2016,2198.75,1931936
11/29/2016,2203.75,1369657
11/28/2016,2200.75,1362563
11/25/2016,2211.25,549990
11/23/2016,2200.75,1091330
11/22/2016,2200.25,1248668
11/21/2016,2193,1198721
11/18/2016,2180.75,1268896
11/17/2016,2184.25,1343037
11/16/2016,2172.75,1321970
11/15/2016,2179.25,1425105
11/14/2016,2160.5,1782604
11/11/2016,2161.5,1876388
11/10/2016,2167.25,3121001
11/9/2016,2160.25,5251690
11/8/2016,2135.5,1746007
11/7/2016,2129,1753667
11/4/2016,2080,2053530
11/3/2016,2083.5,1790385
11/2/2016,2092.25,2005691
11/1/2016,2103.75,2248261
10/31/2016,2120,1356597
10/28/2016,2123.75,2378169
10/27/2016,2123.5,1792363
10/26/2016,2134,1537900
10/25/2016,2138,1191225
10/24/2016,2144.25,1004191
10/21/2016,2134.75,1404835
10/20/2016,2137,1602595
10/19/2016,2138,930618
10/18/2016,2132,1129535
10/17/2016,2123,1246192
10/14/2016,2127,1834488
10/13/2016,2126.25,2175906
10/12/2016,2131.5,1465871
10/11/2016,2134.5,2231047
10/10/2016,2159,948489
10/7/2016,2146.5,1952389
10/6/2016,2156.5,1204885
10/5/2016,2153.25,1364517
10/4/2016,2144.75,2136480
10/3/2016,2153.25,1396518
9/30/2016,2160.5,1970339
9/29/2016,2148.5,2301830
9/28/2016,2163.25,1727031
9/27/2016,2152.75,1646591
9/26/2016,2139.75,1589775
9/23/2016,2158,1437077
9/22/2016,2168.25,1520099
9/21/2016,2156.25,1820963
9/20/2016,2131,1384209
9/19/2016,2133,1521664
9/16/2016,2139.96,57778
9/15/2016,2145,396046
9/14/2016,2120.25,660376
9/13/2016,2128.75,1197641
9/12/2016,2158.5,1444391
9/9/2016,2122.75,2069594
9/8/2016,2177.5,2081302
9/7/2016,2184.5,1456179
9/6/2016,2184.5,1618652
9/2/2016,2178,1689404
9/1/2016,2167.25,1940121
8/31/2016,2169.5,1840324
8/30/2016,2175.25,1370618
8/29/2016,2179.25,1237476
8/26/2016,2168.5,2520471
8/25/2016,2173.5,1498109
8/24/2016,2175,1498544
8/23/2016,2185.25,1122043
8/22/2016,2181.5,1541071
8/19/2016,2181.75,1425490
8/18/2016,2183.5,1195395
8/17/2016,2179.75,1691822
8/16/2016,2176.75,1388816
8/15/2016,2186,1080696
8/12/2016,2180.25,1264278
8/11/2016,2181.75,1319494
8/10/2016,2172.75,1368393
8/9/2016,2177.5,1189624
8/8/2016,2175.5,938624
8/5/2016,2176.75,1363948
8/4/2016,2159.25,1236750
8/3/2016,2157,1360657
8/2/2016,2152.75,1956705
8/1/2016,2164.5,1652633
7/29/2016,2168.25,1694118
7/28/2016,2164.75,1616439
7/27/2016,2160.5,1630338
7/26/2016,2163.25,1604347
7/25/2016,2162.25,1255515
7/22/2016,2167.5,1122014
7/21/2016,2158,1296350
7/20/2016,2167.5,1127419
7/19/2016,2158.75,1147388
7/18/2016,2160,1191446
7/15/2016,2152.75,1490858
7/14/2016,2157.25,1771801
7/13/2016,2146,1609928
7/12/2016,2145.75,1691878
7/11/2016,2130.25,1459630
7/8/2016,2120.5,1935584
7/7/2016,2092,1659861
7/6/2016,2094,2047526
7/5/2016,2082.75,1858691
7/1/2016,2096.25,1648070
6/30/2016,2090.25,2282547
6/29/2016,2066.75,2052803
6/28/2016,2028.5,2272790
6/27/2016,1985,2972761
6/24/2016,2018.5,4135082
6/23/2016,2105.75,1308321
6/22/2016,2076.75,1402829
6/21/2016,2080.5,1394626
6/20/2016,2074.25,1592550
6/17/2016,2079.12,52547
6/16/2016,2079.25,423774
6/15/2016,2071.75,607373
6/14/2016,2074.5,1159913
6/13/2016,2078.75,1220867
6/10/2016,2096.25,1233697
6/9/2016,2114.25,1643544
6/8/2016,2118,1299671
6/7/2016,2110.25,1110603
6/6/2016,2108.25,1259978
6/3/2016,2097.75,1738184
6/2/2016,2103.75,1282372
6/1/2016,2098,1310762
5/31/2016,2095,1606673
5/27/2016,2097.25,1027854
5/26/2016,2089.75,966381
5/25/2016,2087.25,1438011
5/24/2016,2075,1591313
5/23/2016,2045.25,1177953
5/20/2016,2050,1571765
5/19/2016,2038.75,2052205
5/18/2016,2041.5,2076690
5/17/2016,2043.5,1976187
5/16/2016,2062.75,1413480
5/13/2016,2043.5,1867129
5/12/2016,2058.75,1792611
5/11/2016,2058,1459270
5/10/2016,2077.5,1400565
5/9/2016,2054.25,1363929
5/6/2016,2052.75,1808770
5/5/2016,2044,1431702
5/4/2016,2047,1551545
5/3/2016,2057,1820986
5/2/2016,2074.25,1296317
4/29/2016,2059,2399687
4/28/2016,2072.5,1925295
4/27/2016,2090.75,1418675
4/26/2016,2088.5,1216501
4/25/2016,2083.25,1271999
4/22/2016,2086,1486065
4/21/2016,2082.75,1633196
4/20/2016,2098,1460332
4/19/2016,2093.75,1557462
4/18/2016,2086.75,1389594
4/15/2016,2075,1199733
4/14/2016,2076.5,1359458
4/13/2016,2076,1629947
4/12/2016,2055.75,1819008
4/11/2016,2034.5,1677144
4/8/2016,2040.75,1761930
4/7/2016,2035,2042558
4/6/2016,2060.25,1891760
4/5/2016,2038.75,1808361
4/4/2016,2057.5,1378158
4/1/2016,2065,2046111
3/31/2016,2051.5,1713801
3/30/2016,2055.25,1620038
3/29/2016,2047.5,1545524
3/28/2016,2028,897439
3/24/2016,2028.5,1519099
3/23/2016,2028.75,1552850
3/22/2016,2042.5,1490146
3/21/2016,2042.75,1274436
3/18/2016,2050.07,52556
3/17/2016,2039.75,476949
3/16/2016,2027,578697
3/15/2016,2015.75,917429
3/14/2016,2018.75,872903
3/11/2016,2020,1216563
3/10/2016,1988.75,2725742
3/9/2016,1989,1736155
3/8/2016,1981,1928239
3/7/2016,1999,1623905
3/4/2016,1995,2232860
3/3/2016,1990.5,1541249
3/2/2016,1983.5,1814091
3/1/2016,1978,2031654
2/29/2016,1929.5,1822667
2/26/2016,1942.75,1873573
2/25/2016,1950.5,1831957
2/24/2016,1930.25,2313945
2/23/2016,1916,1597020
2/22/2016,1936.25,1408894
2/19/2016,1914.5,1592600
2/18/2016,1916.5,1611837
2/17/2016,1922.75,1839284
2/16/2016,1888.75,2001436
2/12/2016,1858.25,2009632
2/11/2016,1824.5,3196586
2/10/2016,1846.75,2352799
2/9/2016,1848.25,2783150
2/8/2016,1852,2667662
2/5/2016,1875.25,2303794
2/4/2016,1907.75,2251965
2/3/2016,1908.5,2841210
2/2/2016,1897.5,2097985
2/1/2016,1931.25,1740254
1/29/2016,1930,2395768
1/28/2016,1880.75,2249377
1/27/2016,1875,2109008
1/26/2016,1896,1776173
1/25/2016,1870.25,1636585
1/22/2016,1899.25,2100487
1/21/2016,1861,2723416
1/20/2016,1855,3917784
1/19/2016,1873,2780626
1/15/2016,1875,3432315
1/14/2016,1914.5,3033976
1/13/2016,1881.5,2887347
1/12/2016,1925,2423038
1/11/2016,1914.25,2484686
1/8/2016,1911.5,2681576
1/7/2016,1933,2961785
1/6/2016,1986,2214380
1/5/2016,2011.75,1686270
1/4/2016,2009,2212693
12/31/2015,2035.5,1026053
12/30/2015,2054.5,718431
12/29/2015,2072.75,829702
12/28/2015,2048.75,694543
12/24/2015,2051.25,323112
12/23/2015,2053,1003210
12/22/2015,2036,1142331
12/21/2015,2015,1269272
12/18/2015,2029.72,63211
12/17/2015,2034.25,404881
12/16/2015,2072,574730
12/15/2015,2045.5,1037862
12/14/2015,2018.5,1267706
12/11/2015,2009.75,1574490
12/10/2015,2049.25,1814181
12/9/2015,2042,2660114
12/8/2015,2058.75,1985935
12/7/2015,2081,1693066
12/4/2015,2088.5,2254132
12/3/2015,2051.25,2643650
12/2/2015,2081.5,1709808
12/1/2015,2100,1479676
11/30/2015,2079.75,1377146
11/27/2015,2090,653079
11/25/2015,2088,745779
11/24/2015,2084.75,1514589
11/23/2015,2084.25,971241
11/20/2015,2088.75,1266980
11/19/2015,2079.25,1283219
11/18/2015,2079.75,1531975
11/17/2015,2049,1610071
11/16/2015,2048,1708089
11/13/2015,2018.5,2124881
11/12/2015,2040.5,1794847
11/11/2015,2069,1171227
11/10/2015,2078,1285716
11/9/2015,2073,1855463
11/6/2015,2093.75,1845961
11/5/2015,2094,1537030
11/4/2015,2094.75,1543740
11/3/2015,2103,1337628
11/2/2015,2095.5,1281668
10/30/2015,2073.75,1750688
10/29/2015,2083,1396107
10/28/2015,2084.5,1888636
10/27/2015,2060.5,1242724
10/26/2015,2062.25,1183138
10/23/2015,2066,2050047
10/22/2015,2053,2098033
10/21/2015,2008.5,1780504
10/20/2015,2020.5,1264201
10/19/2015,2027.5,1306084
10/16/2015,2025.5,1355097
10/15/2015,2019,1727968
10/14/2015,1984,1765988
10/13/2015,1994,1509079
10/12/2015,2011,792497
10/9/2015,2007.5,1376562
10/8/2015,2006.5,1802198
10/7/2015,1987.25,1936412
10/6/2015,1968.5,1605882
10/5/2015,1974.75,1672581
10/2/2015,1943,2465795
10/1/2015,1916.75,2051438
9/30/2015,1908.75,2213235
9/29/2015,1874.5,2367984
9/28/2015,1872,2326382
9/25/2015,1919.25,2078180
9/24/2015,1918.75,2215933
9/23/2015,1928.5,1423869
9/22/2015,1932,1980294
9/21/2015,1963,1513352
9/18/2015,1960,80375
9/17/2015,1987.75,516118
9/16/2015,1998.25,591412
9/15/2015,1979.75,1032026
9/14/2015,1954,891948
9/11/2015,1960.25,1044500
9/10/2015,1949.5,2268771
9/9/2015,1942.75,2095527
9/8/2015,1965.75,1868461
9/4/2015,1921.75,2133618
9/3/2015,1946,2051771
9/2/2015,1947,2177871
9/1/2015,1916,2819876
8/31/2015,1969.25,1875462
8/28/2015,1989.75,1968178
8/27/2015,1989.25,2929038
8/26/2015,1938,3513948
8/25/2015,1872.75,3652294
8/24/2015,1871.25,5243619
8/21/2015,1971.5,4160367
8/20/2015,2025.5,2577998
8/19/2015,2072.75,2287924
8/18/2015,2094,1133037
8/17/2015,2099.25,1292404
8/14/2015,2089.5,1069024
8/13/2015,2080.5,1487841
8/12/2015,2084.25,2357389
8/11/2015,2079.75,1777943
8/10/2015,2099.75,1192601
8/7/2015,2073.5,1593346
8/6/2015,2079.5,1608346
8/5/2015,2093.75,1379742
8/4/2015,2083,1327794
8/3/2015,2091,1509759
7/31/2015,2098.5,1602657
7/30/2015,2103.75,1285647
7/29/2015,2101.5,1394145
7/28/2015,2087.25,1721554
7/27/2015,2064.5,1777544
7/24/2015,2077.5,1669215
7/23/2015,2098.5,1436236
7/22/2015,2108,1224253
7/21/2015,2114.5,1203968
7/20/2015,2122,937349
7/17/2015,2118.75,889189
7/16/2015,2117,1096207
7/15/2015,2104.25,1144204
7/14/2015,2102,953155
7/13/2015,2094.5,1333093
7/10/2015,2069,1572505
7/9/2015,2041.25,1980885
7/8/2015,2039.25,2388595
7/7/2015,2073.75,2529599
7/6/2015,2064.5,1857384
7/2/2015,2068.75,1247290
7/1/2015,2071,1493202
6/30/2015,2054.5,2355919
6/29/2015,2050.5,2287339
6/26/2015,2095.75,1318744
6/25/2015,2094,1213961
6/24/2015,2099.5,1153248
6/23/2015,2116.5,835219
6/22/2015,2112.75,1095590
6/19/2015,2117.11,46686
6/18/2015,2123,430371
6/17/2015,2097.5,549464
6/16/2015,2097.5,790233
6/15/2015,2084,1077154
6/12/2015,2093,1130566
6/11/2015,2109.25,1480391
6/10/2015,2107,1664080
6/9/2015,2080,1446234
6/8/2015,2078.25,1290580
6/5/2015,2092.25,1459933
6/4/2015,2099,1716475
6/3/2015,2116,1310989
6/2/2015,2106.75,1442673
6/1/2015,2109.25,1337694
5/29/2015,2106,1689212
5/28/2015,2121.75,1074890
5/27/2015,2121,1288328
5/26/2015,2105,1585923
5/22/2015,2124.5,765874
5/21/2015,2128,792875
5/20/2015,2122.5,1009770
5/19/2015,2124.5,994750
5/18/2015,2126,913154
5/15/2015,2119,1023198
5/14/2015,2117.5,1101487
5/13/2015,2094.5,1335896
5/12/2015,2095,1472548
5/11/2015,2097.75,1145379
5/8/2015,2108.5,1377057
5/7/2015,2084.25,1433321
5/6/2015,2074.25,1754960
5/5/2015,2084,1588014
5/4/2015,2109.25,1000309
5/1/2015,2101.5,1021007
4/30/2015,2079,2024833
4/29/2015,2099,1736098
4/28/2015,2112,1474639
4/27/2015,2104.75,1200115
4/24/2015,2111.75,954521
4/23/2015,2107,1361370
4/22/2015,2100.25,1187004
4/21/2015,2091,1048695
4/20/2015,2091,1117632
4/17/2015,2075.5,1819414
4/16/2015,2100.75,1110320
4/15/2015,2099.75,1044340
4/14/2015,2091,1262993
4/13/2015,2086.5,1069908
4/10/2015,2095.5,879754
4/9/2015,2085.75,1209325
4/8/2015,2076,1216620
4/7/2015,2067.75,1032728
4/6/2015,2073.25,938538
4/3/2015,2059.5,95921
4/2/2015,2059.5,1044908
4/1/2015,2053,1818384
3/31/2015,2060.75,1595256
3/30/2015,2075.5,1218573
3/27/2015,2052.5,1158816
3/26/2015,2048.5,1839564
3/25/2015,2053.75,1777031
3/24/2015,2085,1191209
3/23/2015,2094.75,957424
3/20/2015,2099.02,55066
3/19/2015,2090.5,337006
3/18/2015,2100.5,643349
3/17/2015,2074.5,953277
3/16/2015,2076.5,945740
3/13/2015,2049.75,1205545
3/12/2015,2064,1627252
3/11/2015,2039.5,1702228
3/10/2015,2042,1898804
3/9/2015,2077.75,1186663
3/6/2015,2070.75,1895148
3/5/2015,2099.75,1096113
3/4/2015,2096.5,1480462
3/3/2015,2104.75,1360283
3/2/2015,2114,1069024
2/27/2015,2102.75,1203840
2/26/2015,2110,1163745
2/25/2015,2110.25,971677
2/24/2015,2113.75,1077835
2/23/2015,2106.75,847165
2/20/2015,2107,1629515
2/19/2015,2095.25,1140895
2/18/2015,2095.5,1086542
2/17/2015,2096,1233430
2/13/2015,2093.5,1216834
2/12/2015,2084,1422562
2/11/2015,2065.75,1294083
2/10/2015,2062.25,1377397
2/9/2015,2042.5,1284028
2/6/2015,2053,1716165
2/5/2015,2055,1341850
2/4/2015,2030,1696234
2/3/2015,2042,1705498
2/2/2015,2017,2035431
1/30/2015,1988.5,2352251
1/29/2015,2018.5,2117820
1/28/2015,1991.5,2086764
1/27/2015,2030,1949699
1/26/2015,2053.5,1258009
1/23/2015,2044,1351989
1/22/2015,2056.5,1834135
1/21/2015,2026.5,1637366
1/20/2015,2016.75,1805475
1/16/2015,2013,2008817
1/15/2015,1989,2259436
1/14/2015,2007.5,2506589
1/13/2015,2016,2489224
1/12/2015,2022.5,1614675
1/9/2015,2035.25,1907275
1/8/2015,2055,1551040
1/7/2015,2019.5,1750412
1/6/2015,1994.5,2344320
1/5/2015,2016,2032736
1/2/2015,2046.25,1357107
12/31/2014,2052.5,835262
12/30/2014,2076.75,716610
12/29/2014,2085.75,636306
12/26/2014,2084.25,306636
12/24/2014,2078.75,235054
12/23/2014,2079,774160
12/22/2014,2072.5,854592
12/19/2014,2061.01,81781
12/18/2014,2065,538236
12/17/2014,2014.25,781859
12/16/2014,1971.5,1216734
12/15/2014,1990,1128900
12/12/2014,1997.25,1485315
12/11/2014,2031,2241068
12/10/2014,2026.5,2369388
12/9/2014,2057.5,1887129
12/8/2014,2059.5,1408560
12/5/2014,2076,1147239
12/4/2014,2072,1374378
12/3/2014,2072.5,922158
12/2/2014,2066,1148288
12/1/2014,2050.75,1470728
11/28/2014,2066.25,783069
11/26/2014,2072.25,741582
11/25/2014,2067.5,976545
11/24/2014,2067.5,782885
11/21/2014,2061.75,1630436
11/20/2014,2052,1125939
11/19/2014,2047.25,1188389
11/18/2014,2048.5,1140878
11/17/2014,2039.75,1058349
11/14/2014,2038,1045649
11/13/2014,2034,1541378
11/12/2014,2036,1082154
11/11/2014,2036.5,779077
11/10/2014,2034,957940
11/7/2014,2026,1282333
11/6/2014,2028,1433396
11/5/2014,2018.75,1568956
11/4/2014,2005.5,1518682
11/3/2014,2011,1358108
10/31/2014,2011.5,1923491
10/30/2014,1988.5,1980779
10/29/2014,1972.25,1894337
10/28/2014,1980,1570163
10/27/2014,1957,1446627
10/24/2014,1959.75,1601128
10/23/2014,1946,2014791
10/22/2014,1925,2012915
10/21/2014,1938,2238181
10/20/2014,1900,1649868
10/17/2014,1881,2565562
10/16/2014,1850.5,3357691
10/15/2014,1846.75,4658973
10/14/2014,1874.75,3111359
10/13/2014,1865.5,2942117
10/10/2014,1894.25,3067496
10/9/2014,1925,3091728
10/8/2014,1961.75,2516066
10/7/2014,1928,2153512
10/6/2014,1956,1727289
10/3/2014,1960.25,1551405
10/2/2014,1938.5,2710514
10/1/2014,1940.75,2444534
9/30/2014,1965.5,1981670
9/29/2014,1969.5,1781415
9/26/2014,1976,1674972
9/25/2014,1961.5,2313833
9/24/2014,1991,1566579
9/23/2014,1972.25,1624176
9/22/2014,1986.25,1577092
9/19/2014,2022.46,75631
9/18/2014,2012.25,333362
9/17/2014,2001.5,623120
9/16/2014,1999.5,883301
9/15/2014,1984.25,850706
9/12/2014,1984.75,1254423
9/11/2014,1997,1736194
9/10/2014,1995,1589905
9/9/2014,1989.75,1768180
9/8/2014,2000.5,1211086
9/5/2014,2006,1692946
9/4/2014,1997.75,1518599
9/3/2014,1998.75,1297794
9/2/2014,1999.75,1244805
8/29/2014,2001.5,1042342
8/28/2014,1996.75,1088965
8/27/2014,1997,759991
8/26/2014,1998.5,877452
8/25/2014,1995,850103
8/22/2014,1987.75,1115544
8/21/2014,1989.5,840038
8/20/2014,1983.25,1058474
8/19/2014,1977.25,866006
8/18/2014,1967.5,884004
8/15/2014,1952.5,1811277
8/14/2014,1953.5,965033
8/13/2014,1944.75,1119840
8/12/2014,1930.5,1233748
8/11/2014,1932.5,1177405
8/8/2014,1923.75,1900403
8/7/2014,1905.25,1949342
8/6/2014,1914.75,1703654
8/5/2014,1913,2133765
8/4/2014,1932,1604373
8/1/2014,1918.5,2876640
7/31/2014,1924.75,2765829
7/30/2014,1965,1761889
7/29/2014,1963,1499831
7/28/2014,1973,1358371
7/25/2014,1971.5,1426516
7/24/2014,1980.75,1163673
7/23/2014,1980.75,1149287
7/22/2014,1975,1274810
7/21/2014,1966.25,1412516
7/18/2014,1971.5,1794645
7/17/2014,1953.5,2440551
7/16/2014,1974.75,1313844
7/15/2014,1968,1905574
7/14/2014,1971,1003699
7/11/2014,1962.5,1361251
7/10/2014,1957.75,1972590
7/9/2014,1967.25,1390496
7/8/2014,1960.5,1775977
7/7/2014,1971,1097466
7/3/2014,1977.5,840598
7/2/2014,1967.75,915433
7/1/2014,1965.75,1454015
6/30/2014,1952.5,1155776
6/27/2014,1952,1176113
6/26/2014,1948.75,1486229
6/25/2014,1949.5,1530174
6/24/2014,1943.25,1527312
6/23/2014,1953,1009228
6/20/2014,1964.52,61298
6/19/2014,1958.5,369576
6/18/2014,1957,522149
6/17/2014,1941.5,880902
6/16/2014,1936.5,864229
6/13/2014,1935.75,939087
6/12/2014,1930.5,1660579
6/11/2014,1944,1337403
6/10/2014,1950.5,1037793
6/9/2014,1950.25,1021196
6/6/2014,1949.25,1203122
6/5/2014,1938.5,1676327
6/4/2014,1925.75,917038
6/3/2014,1922,946338
6/2/2014,1921.75,1050017
5/30/2014,1921.5,1168798
5/29/2014,1918,977858
5/28/2014,1909,1059963
5/27/2014,1909.25,919199
5/23/2014,1897,759667
5/22/2014,1890.25,1021175
5/21/2014,1885,1348924
5/20/2014,1868,1564092
5/19/2014,1882.25,1034628
5/16/2014,1874.75,1520405
5/15/2014,1867.25,2247039
5/14/2014,1885.25,1186475
5/13/2014,1894.25,1076413
5/12/2014,1892.75,1181458
5/9/2014,1873.5,1475471
5/8/2014,1872.25,1752614
5/7/2014,1874.25,1996074
5/6/2014,1864.25,1379053
5/5/2014,1875.75,1176286
5/2/2014,1874.5,1716276
5/1/2014,1877.75,936490
4/30/2014,1878,1496796
4/29/2014,1871.75,1218381
4/28/2014,1866,2065167
4/25/2014,1860,1507335
4/24/2014,1873,1577057
4/23/2014,1873,997020
4/22/2014,1874,1106401
4/21/2014,1864.5,532255
4/17/2014,1858,1254621
4/16/2014,1852.75,1641733
4/15/2014,1839.5,2608555
4/14/2014,1824.5,1878366
4/11/2014,1811.75,2525778
4/10/2014,1827,2377896
4/9/2014,1864.75,1410063
4/8/2014,1845,1852618
4/7/2014,1838,2177594
4/4/2014,1860,2496787
4/3/2014,1883,1231331
4/2/2014,1883,1181442
4/1/2014,1877.75,1212999
3/31/2014,1864.5,1569852
3/28/2014,1850.5,1493568
3/27/2014,1840.5,2031060
3/26/2014,1842.5,1898418
3/25/2014,1859.25,1653578
3/24/2014,1849.5,1834605
3/21/2014,1893.3,47872
3/20/2014,1873.75,344340
3/19/2014,1859.75,640709
3/18/2014,1870.75,865008
3/17/2014,1857.75,797416
3/14/2014,1840,1309151
3/13/2014,1846.75,2346067
3/12/2014,1867.75,1664135
3/11/2014,1865.25,1609390
3/10/2014,1877.25,1167390
3/7/2014,1878,1755702
3/6/2014,1876.25,1281776
3/5/2014,1872.5,1252481
3/4/2014,1871.5,1750397
3/3/2014,1843,2375925
2/28/2014,1857.5,2105950
2/27/2014,1854,1610190
2/26/2014,1842,1463905
2/25/2014,1846.25,1565256
2/24/2014,1846,1606033
2/21/2014,1834.25,1311637
2/20/2014,1836.25,1601705
2/19/2014,1825.5,1768178
2/18/2014,1837.5,1209343
2/14/2014,1835,1365228
2/13/2014,1824.25,1645169
2/12/2014,1817,1378358
2/11/2014,1813.5,1761813
2/10/2014,1794.75,1142980
2/7/2014,1793.5,2337170
2/6/2014,1766.5,1732542
2/5/2014,1744,2074002
2/4/2014,1743.75,2325416
2/3/2014,1732.75,3026026
1/31/2014,1776.5,2383777
1/30/2014,1781.25,1821781
1/29/2014,1771.25,2737533
1/28/2014,1788.25,1722933
1/27/2014,1775.75,2756312
1/24/2014,1782,2562839
1/23/2014,1824.25,1811795
1/22/2014,1838.5,941132
1/21/2014,1838.5,1326298
1/17/2014,1834.25,1157104
1/16/2014,1836.25,952497
1/15/2014,1841.5,1257395
1/14/2014,1833,1592737
1/13/2014,1815,1708697
1/10/2014,1837.75,1455887
1/9/2014,1833,1324525
1/8/2014,1832.5,1330414
1/7/2014,1830.75,1150952
1/6/2014,1820.75,1361860
1/3/2014,1825.5,960040
1/2/2014,1826.5,1223831
12/31/2013,1841,650261
12/30/2013,1834.75,566572
12/27/2013,1836.5,622662
12/26/2013,1836.5,437830
12/24/2013,1829,314408
12/23/2013,1822.75,733403
12/20/2013,1812.89,47698
12/19/2013,1808.5,387241
12/18/2013,1810.75,705349
12/17/2013,1779.25,740425
12/16/2013,1786.5,858132
12/13/2013,1774.75,988386
12/12/2013,1775,1831044
12/11/2013,1780.75,1988648
12/10/2013,1803,1166111
12/9/2013,1809,1059179
12/6/2013,1805,1756084
12/5/2013,1784,1571790
12/4/2013,1791.75,2097836
12/3/2013,1791.5,1720294
12/2/2013,1799.75,1324016
11/29/2013,1804,817542
11/27/2013,1804.25,848056
11/26/2013,1802,1090975
11/25/2013,1802.5,1106283
11/22/2013,1801.25,1238550
11/21/2013,1793.75,1384622
11/20/2013,1779.75,2065833
11/19/2013,1785.25,1587573
11/18/2013,1788.75,1556412
11/15/2013,1793.5,1226789
11/14/2013,1787.75,1579106
11/13/2013,1778.75,1673308
11/12/2013,1765,1394895
11/11/2013,1767.5,952210
11/8/2013,1766,2071554
11/7/2013,1745.25,2459589
11/6/2013,1765.5,1320403
11/5/2013,1756.5,1473640
11/4/2013,1763,1000121
11/1/2013,1754.75,1600757
10/31/2013,1751,1872956
10/30/2013,1760.5,1774552
10/29/2013,1767.5,1184071
10/28/2013,1759,1156019
10/25/2013,1754,1253352
10/24/2013,1748.5,1246430
10/23/2013,1741.75,1519712
10/22/2013,1749.5,1841176
10/21/2013,1738.25,1107787
10/18/2013,1736.5,1524654
10/17/2013,1727.75,1668980
10/16/2013,1713.25,1796325
10/15/2013,1692,1871393
10/14/2013,1704.25,1506081
10/11/2013,1699,1557513
10/10/2013,1685,2286252
10/9/2013,1648.75,2485712
10/8/2013,1650.5,2351930
10/7/2013,1667.75,1596182
10/4/2013,1684.75,1503566
10/3/2013,1669.75,2263053
10/2/2013,1683,1653547
10/1/2013,1689.5,1759975
9/30/2013,1674.25,2148739
9/27/2013,1686.5,1430018
9/26/2013,1692.5,1466703
9/25/2013,1685.75,1639058
9/24/2013,1692.5,1501832
9/23/2013,1692.75,1671961
9/20/2013,1723.89,66089
9/19/2013,1724.25,407019
9/18/2013,1724.5,666703
9/17/2013,1705,727285
9/16/2013,1698,1005283
9/13/2013,1688.5,756480
9/12/2013,1685,1354297
9/11/2013,1688.75,1843965
9/10/2013,1682.5,1849907
9/9/2013,1669,1481869
9/6/2013,1653.5,2564968
9/5/2013,1653,1254324
9/4/2013,1653.5,1627760
9/3/2013,1639,2317319
8/30/2013,1631.25,1932571
8/29/2013,1636.75,1743634
8/28/2013,1632.25,1647202
8/27/2013,1628.25,2249176
8/26/2013,1654.25,1213360
8/23/2013,1661.5,1307792
8/22/2013,1654.75,1556145
8/21/2013,1636.5,2115241
8/20/2013,1650.5,1581959
8/19/2013,1645,1468155
8/16/2013,1651,1737043
8/15/2013,1655.75,2399303
8/14/2013,1682,1504310
8/13/2013,1690.75,1604462
8/12/2013,1687,1250683
8/9/2013,1686.25,1662642
8/8/2013,1693.75,1510694
8/7/2013,1688.25,1380213
8/6/2013,1694,1273260
8/5/2013,1702.5,856396
8/2/2013,1704,1212563
8/1/2013,1700.25,1517089
7/31/2013,1680.5,1979509
7/30/2013,1684.75,1318394
7/29/2013,1682.5,1100528
7/26/2013,1686.5,1390749
7/25/2013,1684,1422764
7/24/2013,1683.75,1505638
7/23/2013,1688.25,979433
7/22/2013,1690.25,899675
7/19/2013,1689.5,1145846
7/18/2013,1680.5,1340316
7/17/2013,1675.5,1413079
7/16/2013,1671.25,1170827
7/15/2013,1677.5,910540
7/12/2013,1670.25,1143081
7/11/2013,1670,1449729
7/10/2013,1648.5,1459781
7/9/2013,1645.5,1269733
7/8/2013,1635.5,1316733
7/5/2013,1627.25,1718922
7/3/2013,1609,1029810
7/2/2013,1607.25,1668386
7/1/2013,1606.75,1550499
6/28/2013,1599.25,2142572
6/27/2013,1606.5,1588290
6/26/2013,1595.5,1717573
6/25/2013,1581.5,2019829
6/24/2013,1566.25,2837880
6/21/2013,1599.93,100309
6/20/2013,1590.5,639730
6/19/2013,1629.5,589657
6/18/2013,1651,739664
6/17/2013,1639.75,848279
6/14/2013,1624.25,1034966
6/13/2013,1636.75,2344577
6/12/2013,1610,2597580
6/11/2013,1627,2587869
6/10/2013,1642,1807944
6/7/2013,1638.5,2371499
6/6/2013,1622.75,2795168
6/5/2013,1608,2646546
6/4/2013,1631.25,2137397
6/3/2013,1636.25,2519490
5/31/2013,1629,2554986
5/30/2013,1653.5,1773563
5/29/2013,1647,2125994
5/28/2013,1654.5,2088238
5/24/2013,1650.5,1948019
5/23/2013,1650,2671915
5/22/2013,1655.5,2970065
5/21/2013,1665.5,1693935
5/20/2013,1664.5,1748809
5/17/2013,1663,1921247
5/16/2013,1648,1919609
5/15/2013,1654.25,2122285
5/14/2013,1648,2016880
5/13/2013,1630.75,1328925
5/10/2013,1629.5,1640219
5/9/2013,1624.5,1823710
5/8/2013,1628.75,1587375
5/7/2013,1620.5,1504953
5/6/2013,1613.5,963963
5/3/2013,1608.5,1935194
5/2/2013,1592.25,1651280
5/1/2013,1577.25,1467736
4/30/2013,1592.25,1554113
4/29/2013,1588.25,1234673
4/26/2013,1576.5,1335009
4/25/2013,1581.75,1594338
4/24/2013,1574,1420026
4/23/2013,1573.5,2107980
4/22/2013,1556,1593692
4/19/2013,1547.5,1862742
4/18/2013,1534,2314982
4/17/2013,1546,2968605
4/16/2013,1568.75,2249005
4/15/2013,1543.5,2854356
4/12/2013,1582,1808001
4/11/2013,1587.75,1721257
4/10/2013,1582.75,2031363
4/9/2013,1563.25,1632361
4/8/2013,1559.25,1438013
4/5/2013,1546,2268208
4/4/2013,1554.5,1991850
4/3/2013,1548.5,2262940
4/2/2013,1564.5,1609532
4/1/2013,1556,1135732
3/28/2013,1562.75,1627305
3/27/2013,1556.75,1568970
3/26/2013,1557.25,1587656
3/25/2013,1547,2254235
3/22/2013,1552,1579587
3/21/2013,1539,1904151
3/20/2013,1549,1797647
3/19/2013,1542.25,2545239
3/18/2013,1546.75,2188168
3/15/2013,1557.08,66574
3/14/2013,1562.25,368150
3/13/2013,1556,504388
3/12/2013,1552.5,794855
3/11/2013,1556,754879
3/8/2013,1549.5,1135710
3/7/2013,1542.75,1670257
3/6/2013,1539,2089206
3/5/2013,1537,2366293
3/4/2013,1525.75,1980276
3/1/2013,1516.5,2544889
2/28/2013,1513.25,2193202
2/27/2013,1515.75,2452639
2/26/2013,1492.5,2932756
2/25/2013,1487.25,3093507
2/22/2013,1514.5,1761451
2/21/2013,1501,2503581
2/20/2013,1507,2017382
2/19/2013,1528,1498174
2/15/2013,1517,1674261
2/14/2013,1518.5,1369257
2/13/2013,1517.25,1268482
2/12/2013,1516.25,1258547
2/11/2013,1513,1229887
2/8/2013,1512.5,1428025
2/7/2013,1505.25,1959424
2/6/2013,1506.75,1739209
2/5/2013,1506,1741561
2/4/2013,1493.5,1740191
2/1/2013,1506.75,1771608
1/31/2013,1493.25,1638725
1/30/2013,1495.25,1798387
1/29/2013,1505,1496138
1/28/2013,1497,1203634
1/25/2013,1495.75,1573008
1/24/2013,1491.75,1822913
1/23/2013,1490.25,1190361
1/22/2013,1489.5,1473299
1/18/2013,1479,1447673
1/17/2013,1475.75,1740296
1/16/2013,1465.5,1230091
1/15/2013,1465.25,1323808
1/14/2013,1464.25,1168418
1/11/2013,1467.25,1122234
1/10/2013,1467,1536010
1/9/2013,1455.75,1186764
1/8/2013,1452.25,1366989
1/7/2013,1455.75,1189020
1/4/2013,1457.75,1509781
1/3/2013,1453.5,1598235
1/2/2013,1457,1939320
12/31/2012,1420,1478128
12/28/2012,1384,1061826
12/27/2012,1410.75,1467429
12/26/2012,1413.5,578176
12/24/2012,1419.75,318126
12/21/2012,1433.59,73100
12/20/2012,1445.5,340934
12/19/2012,1437.25,505063
12/18/2012,1445.75,874926
12/17/2012,1432.5,853447
12/14/2012,1415,1041852
12/13/2012,1418,1950362
12/12/2012,1427.25,1829769
12/11/2012,1431.5,1772202
12/10/2012,1420.25,1136014
12/7/2012,1416,1771716
12/6/2012,1413,1381373
12/5/2012,1408.25,2045099
12/4/2012,1405.5,1619569
12/3/2012,1407,1652102
11/30/2012,1414.5,1680252
11/29/2012,1415.75,1877829
11/28/2012,1407,2120666
11/27/2012,1397.5,1637467
11/26/2012,1403.25,1220665
11/23/2012,1405.25,910642
11/21/2012,1388.25,1064943
11/20/2012,1386.25,1538979
11/19/2012,1382.5,1736394
11/16/2012,1359.75,2588254
11/15/2012,1351.25,2405346
11/14/2012,1353,2448702
11/13/2012,1371,1950242
11/12/2012,1378.25,1130556
11/9/2012,1375.75,2549123
11/8/2012,1375.25,2614835
11/7/2012,1389,3190105
11/6/2012,1425.25,1481236
11/5/2012,1412,1385411
11/2/2012,1405.5,2088815
11/1/2012,1423.25,1705826
10/31/2012,1406.75,1775115
10/30/2012,1407.5,178848
10/29/2012,1407.5,181669
10/26/2012,1407.5,2089836
10/25/2012,1408.25,1807809
10/24/2012,1405.25,1756752
10/23/2012,1406.75,2301468
10/22/2012,1430,1777659
10/19/2012,1424,2399785
10/18/2012,1451.5,1805789
10/17/2012,1457,1534392
10/16/2012,1449.25,1621207
10/15/2012,1435.5,1524636
10/12/2012,1421.5,1620801
10/11/2012,1428.5,1582367
10/10/2012,1426.25,1672672
10/9/2012,1436,1954989
10/8/2012,1449.75,961104
10/5/2012,1455.5,1679196
10/4/2012,1455.75,1565475
10/3/2012,1444.75,1540216
10/2/2012,1441,1609875
10/1/2012,1437,1901880
9/28/2012,1434.25,2098950
9/27/2012,1441,1754731
9/26/2012,1427,1778971
9/25/2012,1437.25,1811493
9/24/2012,1451.5,1257245
9/21/2012,1467.17,60974
9/20/2012,1460.5,309519
9/19/2012,1459.5,457469
9/18/2012,1459.25,762526
9/17/2012,1460.75,668585
9/14/2012,1465.75,1291413
9/13/2012,1457.25,2599658
9/12/2012,1439.5,1725227
9/11/2012,1430.5,1429945
9/10/2012,1426.5,1096354
9/7/2012,1438.25,1468529
9/6/2012,1431,2040127
9/5/2012,1403.5,1429011
9/4/2012,1406,1680036
8/31/2012,1405,2046718
8/30/2012,1397,1217187
8/29/2012,1407.25,959177
8/28/2012,1407.75,1209952
8/27/2012,1408.25,929925
8/24/2012,1409.75,1571472
8/23/2012,1400,1592209
8/22/2012,1412.25,1671976
8/21/2012,1412.5,1730302
8/20/2012,1414.75,1110701
8/17/2012,1415.25,1138845
8/16/2012,1413,1482299
8/15/2012,1403.5,1102404
8/14/2012,1401.5,1435041
8/13/2012,1402.5,1202738
8/10/2012,1402.5,1241893
8/9/2012,1400.5,1179236
8/8/2012,1398.25,1227651
8/7/2012,1397,1459898
8/6/2012,1390,1164883
8/3/2012,1389,1943890
8/2/2012,1362,2827731
8/1/2012,1370.5,1789642
7/31/2012,1374.5,1774239
7/30/2012,1380.5,1483220
7/27/2012,1382.5,2495264
7/26/2012,1354.75,2275647
7/25/2012,1335,1840145
7/24/2012,1329.5,2110235
7/23/2012,1343.75,2078031
7/20/2012,1358.25,1799655
7/19/2012,1372,1742592
7/18/2012,1367.25,1797476
7/17/2012,1358.5,1970476
7/16/2012,1347.5,1546166
7/13/2012,1351.75,1758313
7/12/2012,1329.25,1904845
7/11/2012,1336.25,1910327
7/10/2012,1335.5,2019424
7/9/2012,1349.25,1468459
7/6/2012,1351.75,1952810
7/5/2012,1361.5,1880977
7/3/2012,1368,1043774
7/2/2012,1357.5,1687967
6/29/2012,1356.5,2484771
6/28/2012,1322.5,2290787
6/27/2012,1325.5,1615882
6/26/2012,1315.5,1810326
6/25/2012,1306.5,1840378
6/22/2012,1326.75,1858689
6/21/2012,1318.25,2708047
6/20/2012,1350.75,2359064
6/19/2012,1350.5,1771063
6/18/2012,1341,2069087
6/15/2012,1336.47,72958
6/14/2012,1333,485343
6/13/2012,1315.5,510825
6/12/2012,1326.75,817732
6/11/2012,1307,1171295
6/8/2012,1328.75,1334013
6/7/2012,1316.75,2577317
6/6/2012,1315.5,2836135
6/5/2012,1285,2034610
6/4/2012,1273,2334031
6/1/2012,1274,3276495
5/31/2012,1309.25,2745153
5/30/2012,1308.5,2313601
5/29/2012,1333.5,2235310
5/25/2012,1315,1519593
5/24/2012,1322.5,2171122
5/23/2012,1315.75,2555000
5/22/2012,1314.75,2449047
5/21/2012,1315.75,2041257
5/18/2012,1290.75,2775704
5/17/2012,1301.25,2883903
5/16/2012,1322.5,2281345
5/15/2012,1328.25,2395350
5/14/2012,1334,1912794
5/11/2012,1350,1839116
5/10/2012,1357.5,1836066
5/9/2012,1351,2523171
5/8/2012,1358.5,2306906
5/7/2012,1365.75,1606353
5/4/2012,1362.5,2074698
5/3/2012,1386,1759554
5/2/2012,1397.5,1679970
5/1/2012,1400.5,1305365
4/30/2012,1393.5,1319740
4/27/2012,1398.5,1610498
4/26/2012,1396.75,1666428
4/25/2012,1387.25,1827184
4/24/2012,1370,1439403
4/23/2012,1362.75,1848613
4/20/2012,1375.25,1808198
4/19/2012,1372.5,2631716
4/18/2012,1378.25,1848186
4/17/2012,1383.5,1847678
4/16/2012,1364,1959799
4/13/2012,1365,1925749
4/12/2012,1386,1852924
4/11/2012,1364,1739768
4/10/2012,1357,2514979
4/9/2012,1375,1082026
4/6/2012,1390.25,197999
4/5/2012,1390.25,1536406
4/4/2012,1393.25,1826283
4/3/2012,1408.75,1673086
4/2/2012,1412.5,1718252
3/30/2012,1403.25,1616860
3/29/2012,1398.25,1826376
3/28/2012,1400.25,1752041
3/27/2012,1406.5,1251732
3/26/2012,1415,1456063
3/23/2012,1394,1559328
3/22/2012,1389,1682241
3/21/2012,1397.5,1533339
3/20/2012,1400,1583682
3/19/2012,1404,1517944
3/16/2012,1405.11,48062
3/15/2012,1401.75,352598
3/14/2012,1394.25,511055
3/13/2012,1396.25,1018838
3/12/2012,1372.5,904651
3/9/2012,1372.5,1062312
3/8/2012,1366.5,1830086
3/7/2012,1352.75,1888277
3/6/2012,1342,2446910
3/5/2012,1364.5,1528635
3/2/2012,1368.75,1458860
3/1/2012,1374.5,1966089
2/29/2012,1364.5,2280683
2/28/2012,1371.5,1540432
2/27/2012,1367.25,1662699
2/24/2012,1363.25,1165325
2/23/2012,1363,1593827
2/22/2012,1356,1439240
2/21/2012,1360,1582147
2/17/2012,1359.75,1247605
2/16/2012,1354.75,1959657
2/15/2012,1342.25,2275907
2/14/2012,1347.75,1735366
2/13/2012,1349,1234654
2/10/2012,1340.5,1713453
2/9/2012,1348.25,1750116
2/8/2012,1347,1540962
2/7/2012,1344.75,1498761
2/6/2012,1339,1191584
2/3/2012,1339,1704222
2/2/2012,1322.75,1352211
2/1/2012,1319.75,1904532
1/31/2012,1308.25,1891559
1/30/2012,1309,1710571
1/27/2012,1312.5,1730421
1/26/2012,1315.25,2001696
1/25/2012,1320.25,1968562
1/24/2012,1311.5,1468957
1/23/2012,1311,1594961
1/20/2012,1310.75,1416582
1/19/2012,1310.5,1837168
1/18/2012,1302.25,2003604
1/17/2012,1289.25,1836820
1/13/2012,1289,2114591
1/12/2012,1291.75,1754245
1/11/2012,1288.25,1800297
1/10/2012,1286,1531383
1/9/2012,1275.5,1437855
1/6/2012,1274.25,1691681
1/5/2012,1273,1815274
1/4/2012,1273,1417634
1/3/2012,1272,1563690
12/30/2011,1252.5,691026
12/29/2011,1257.5,874817
12/28/2011,1244.5,1012280
12/27/2011,1260.25,507304
12/23/2011,1260.25,693965
12/22/2011,1249,1332518
12/21/2011,1236.25,1986543
12/20/2011,1236,1825749
12/19/2011,1199,1683745
12/16/2011,1225.05,75185
12/15/2011,1218,327313
12/14/2011,1212.5,593669
12/13/2011,1226.25,999447
12/12/2011,1235.25,908398
12/9/2011,1258.75,1143685
12/8/2011,1236,2442801
12/7/2011,1264,2724649
12/6/2011,1255,2184175
12/5/2011,1255,2333706
12/2/2011,1243.5,2177069
12/1/2011,1243.5,2110117
11/30/2011,1246,3292771
11/29/2011,1196.5,2421277
11/28/2011,1191,2361257
11/25/2011,1153.5,1518196
11/23/2011,1160,2322710
11/22/2011,1182.75,2306750
11/21/2011,1190.75,2392631
11/18/2011,1214,2171965
11/17/2011,1214.75,3096373
11/16/2011,1231,2708943
11/15/2011,1254,2243400
11/14/2011,1252.5,1865879
11/11/2011,1261.5,1601758
11/10/2011,1237.5,2581674
11/9/2011,1225.5,3240999
11/8/2011,1273.25,2240883
11/7/2011,1257.5,1982059
11/4/2011,1251,2242372
11/3/2011,1255.75,2822919
11/2/2011,1234.25,2238819
11/1/2011,1224.5,3665430
10/31/2011,1249.25,2236975
10/28/2011,1281,1912116
10/27/2011,1282.5,3276168
10/26/2011,1237.5,2696010
10/25/2011,1224.5,2627710
10/24/2011,1247,2001503
10/21/2011,1235.25,2108610
10/20/2011,1210,2898123
10/19/2011,1206.5,2426086
10/18/2011,1223,2978305
10/17/2011,1194,2384903
10/14/2011,1219.25,2194541
10/13/2011,1198,2316227
10/12/2011,1198.25,2558541
10/11/2011,1189.5,1949051
10/10/2011,1191,1775475
10/7/2011,1155,2865429
10/6/2011,1157.5,2903749
10/5/2011,1135,3018143
10/4/2011,1113.5,4171362
10/3/2011,1086.25,3496542
9/30/2011,1126,2978299
9/29/2011,1156.25,2970593
9/28/2011,1148.75,2798516
9/27/2011,1169.5,3246492
9/26/2011,1158.5,3085037
9/23/2011,1129.75,3347254
9/22/2011,1123.5,4733306
9/21/2011,1155.75,3254771
9/20/2011,1196,2593893
9/19/2011,1197.75,2446620
9/16/2011,1216.74,112958
9/15/2011,1210.75,457743
9/14/2011,1188.5,868479
9/13/2011,1171.5,1128791
9/12/2011,1163.25,1147494
9/9/2011,1158,1612394
9/8/2011,1185.75,2135273
9/7/2011,1199,2578150
9/6/2011,1164.5,3521190
9/2/2011,1169.25,2426867
9/1/2011,1201.25,2656315
8/31/2011,1217.75,3150698
8/30/2011,1204.75,2575430
8/29/2011,1208,1832857
8/26/2011,1176,3053686
8/25/2011,1157.5,3198280
8/24/2011,1172,2604968
8/23/2011,1158.5,3338118
8/22/2011,1123.25,2698067
8/19/2011,1124,3558566
8/18/2011,1143.5,3795010
8/17/2011,1190,2101855
8/16/2011,1192.25,2546769
8/15/2011,1198.5,1989756
8/12/2011,1176.75,2715118
8/11/2011,1168.5,4467662
8/10/2011,1123.5,4891206
8/9/2011,1171.75,6279037
8/8/2011,1111.25,6171543
8/5/2011,1197.75,6158899
8/4/2011,1198.75,5031371
8/3/2011,1254.5,3814875
8/2/2011,1247.25,3293753
8/1/2011,1279.75,3020116
7/29/2011,1288.5,2886161
7/28/2011,1296.75,2337691
7/27/2011,1299,2535676
7/26/2011,1326.25,1697586
7/25/2011,1333.5,1638213
7/22/2011,1341,1471955
7/21/2011,1342.5,2311271
7/20/2011,1321.25,1637321
7/19/2011,1321.25,2098625
7/18/2011,1300.5,2167934
7/15/2011,1315,2296513
7/14/2011,1306.75,2877782
7/13/2011,1312.25,2315093
7/12/2011,1310.75,2888474
7/11/2011,1318.5,2427261
7/8/2011,1341.75,2251831
7/7/2011,1351.75,1677856
7/6/2011,1335.75,1816163
7/5/2011,1336.75,1727465
7/1/2011,1334.75,1954616
6/30/2011,1315.5,1866887
6/29/2011,1304.25,2488363
6/28/2011,1294.5,1912881
6/27/2011,1276.25,1990372
6/24/2011,1264,2493241
6/23/2011,1277,3315380
6/22/2011,1279.75,1869419
6/21/2011,1288,2074533
6/20/2011,1273.75,1675015
6/17/2011,1279.4,63172
6/16/2011,1269,407023
6/15/2011,1265.5,757016
6/14/2011,1290,1067059
6/13/2011,1271.5,796518
6/10/2011,1269.25,1453338
6/9/2011,1287.5,1715727
6/8/2011,1277,2686130
6/7/2011,1284.75,2060288
6/6/2011,1285,2184760
6/3/2011,1296.25,2665742
6/2/2011,1312.5,2430378
6/1/2011,1312,2666114
5/31/2011,1344,1909242
5/27/2011,1330,1388644
5/26/2011,1326.5,2284967
5/25/2011,1316.5,2100099
5/24/2011,1313.5,1859801
5/23/2011,1315.25,2050172
5/20/2011,1327.75,2247208
5/19/2011,1341.75,1825276
5/18/2011,1338.5,1610420
5/17/2011,1325.5,2289894
5/16/2011,1325.5,2176346
5/13/2011,1334,2233850
5/12/2011,1347.5,2253407
5/11/2011,1338.75,2190906
5/10/2011,1353.75,1571216
5/9/2011,1342.75,1665449
5/6/2011,1334.5,2671717
5/5/2011,1335,2913889
5/4/2011,1343,2376784
5/3/2011,1352,1674060
5/2/2011,1357.75,1707040
4/29/2011,1359.75,1270478
4/28/2011,1355,1705011
4/27/2011,1351,1384727
4/26/2011,1341,1383391
4/25/2011,1330.75,597762
4/21/2011,1331,1271379
4/20/2011,1328.25,1870221
4/19/2011,1308.5,1527562
4/18/2011,1301,2255340
4/15/2011,1318.75,1633383
4/14/2011,1310.25,2022559
4/13/2011,1308.75,1894085
4/12/2011,1308.25,2078178
4/11/2011,1319.5,1527470
4/8/2011,1323.75,1857370
4/7/2011,1328.5,2179895
4/6/2011,1329,1656542
4/5/2011,1326.75,1555950
4/4/2011,1329.25,1272234
4/1/2011,1327.75,1658616
3/31/2011,1321,1520310
3/30/2011,1324,1402333
3/29/2011,1316.5,1548050
3/28/2011,1302.25,1278479
3/25/2011,1310,1643313
3/24/2011,1305.25,1828579
3/23/2011,1292,1938311
3/22/2011,1288.25,1441789
3/21/2011,1293,1487398
3/18/2011,1291,90105
3/17/2011,1273.75,478790
3/16/2011,1258.75,761403
3/15/2011,1280,1006452
3/14/2011,1295.5,817826
3/11/2011,1306,1121697
3/10/2011,1294.25,2602250
3/9/2011,1315.5,2195670
3/8/2011,1320,2206427
3/7/2011,1309,2701105
3/4/2011,1320.25,2937134
3/3/2011,1329.75,2354766
3/2/2011,1305.75,2679910
3/1/2011,1301,3051801
2/28/2011,1326,1928682
2/25/2011,1318.75,1823171
2/24/2011,1302.75,2890907
2/23/2011,1305.5,3073462
2/22/2011,1314.5,3255745
2/18/2011,1342.5,1511791
2/17/2011,1337.75,1676969
2/16/2011,1333,1799057
2/15/2011,1326.25,1447179
2/14/2011,1327.75,1169256
2/11/2011,1327.25,1879819
2/10/2011,1318.75,2054732
2/9/2011,1319.25,1824724
2/8/2011,1321.75,1449543
2/7/2011,1315.75,1501112
2/4/2011,1307.25,1583557
2/3/2011,1303.25,1827301
2/2/2011,1300,1392927
2/1/2011,1302.75,2089240
1/31/2011,1282.5,2313880
1/28/2011,1271.5,3235835
1/27/2011,1295.75,1552301
1/26/2011,1293.5,1608754
1/25/2011,1287.5,2360267
1/24/2011,1288.5,1636119
1/21/2011,1279.75,2011881
1/20/2011,1276.25,2322868
1/19/2011,1278.5,2322168
1/18/2011,1294.75,1672294
1/14/2011,1289.5,1628778
1/13/2011,1281.25,1670930
1/12/2011,1283.5,1603436
1/11/2011,1270.5,1623507
1/10/2011,1265.5,1875738
1/7/2011,1267.5,2169192
1/6/2011,1270.25,1601075
1/5/2011,1271.75,1781256
1/4/2011,1265.25,1769443
1/3/2011,1265.25,1589787
12/31/2010,1253,667046
12/30/2010,1254.5,712796
12/29/2010,1255.75,587441
12/28/2010,1254,553798
12/27/2010,1253.25,581640
12/23/2010,1253,592048
12/22/2010,1254.5,664354
12/21/2010,1250.75,938860
12/20/2010,1241.25,1145804
12/17/2010,1242.35,47534
12/16/2010,1243.5,317800
12/15/2010,1237,532608
12/14/2010,1241.75,659316
12/13/2010,1241.25,682650
12/10/2010,1241,892424
12/9/2010,1233,1387954
12/8/2010,1228.75,2136410
12/7/2010,1223.25,2449423
12/6/2010,1222,1324717
12/3/2010,1223.5,1889908
12/2/2010,1222.75,2035142
12/1/2010,1204.5,2346276
11/30/2010,1179.5,3086086
11/29/2010,1186.5,2491942
11/26/2010,1183.25,963332
11/24/2010,1196.5,1818843
11/23/2010,1178.25,2453310
11/22/2010,1198,2209898
11/19/2010,1198.25,1732259
11/18/2010,1197.75,2067180
11/17/2010,1177.5,2017449
11/16/2010,1174.75,3168883
11/15/2010,1195.75,2070996
11/12/2010,1195.5,2766115
11/11/2010,1211,1775665
11/10/2010,1214,2481333
11/9/2010,1211,2319633
11/8/2010,1220,1511467
11/5/2010,1222,2101279
11/4/2010,1218.5,2299798
11/3/2010,1197.25,2360503
11/2/2010,1192.75,1573659
11/1/2010,1183,2027182
10/29/2010,1179.75,1751544
10/28/2010,1179.25,2014979
10/27/2010,1178.75,2241130
10/26/2010,1182.75,1743843
10/25/2010,1182.75,1752512
10/22/2010,1180.75,1204824
10/21/2010,1175.75,2407311
10/20/2010,1174.75,2287491
10/19/2010,1163.75,3055906
10/18/2010,1178.25,1463358
10/15/2010,1175,2639031
10/14/2010,1173.5,2400134
10/13/2010,1174.25,2151277
10/12/2010,1164.5,1908021
10/11/2010,1162.25,1005696
10/8/2010,1160.5,1963670
10/7/2010,1156.5,1988384
10/6/2010,1155.75,1720880
10/5/2010,1154.75,2202180
10/4/2010,1134.75,1847307
10/1/2010,1142.25,2065971
9/30/2010,1136.75,2822726
9/29/2010,1141,1854883
9/28/2010,1141.75,2302685
9/27/2010,1137.75,1342389
9/24/2010,1143.25,1841773
9/23/2010,1120.5,2183277
9/22/2010,1129.75,1952141
9/21/2010,1134.75,2079142
9/20/2010,1136.5,1787300
9/17/2010,1133,74961
9/16/2010,1127.75,375122
9/15/2010,1125.75,536325
9/14/2010,1120.75,636121
9/13/2010,1121.25,891528
9/10/2010,1109.75,890439
9/9/2010,1102.5,1612227
9/8/2010,1099.25,2001331
9/7/2010,1091.25,1742935
9/3/2010,1103.5,2011872
9/2/2010,1089.5,1601762
9/1/2010,1081.75,2356116
8/31/2010,1048.25,2516451
8/30/2010,1045,1486076
8/27/2010,1063.75,2540909
8/26/2010,1044.75,1990651
8/25/2010,1054.5,2469673
8/24/2010,1049.75,2463456
8/23/2010,1065.5,1552340
8/20/2010,1070.25,1806478
8/19/2010,1071.25,2435373
8/18/2010,1086.75,1808554
8/17/2010,1089,1779783
8/16/2010,1077,1609731
8/13/2010,1076,1479393
8/12/2010,1079.25,2180592
8/11/2010,1085,2638633
8/10/2010,1119.75,2030147
8/9/2010,1125.5,998906
8/6/2010,1119.5,2177263
8/5/2010,1123.5,1331274
8/4/2010,1124.5,1591800
8/3/2010,1118.25,1493524
8/2/2010,1121.75,1611264
7/30/2010,1098.25,2133582
7/29/2010,1097,2247428
7/28/2010,1102,1641500
7/27/2010,1111,1822245
7/26/2010,1109.5,1539071
7/23/2010,1100.5,2091081
7/22/2010,1087.75,2178892
7/21/2010,1064,2436304
7/20/2010,1080,2275326
7/19/2010,1063.75,1734088
7/16/2010,1063,2499790
7/15/2010,1090.5,2416608
7/14/2010,1091,1940692
7/13/2010,1089.75,2000432
7/12/2010,1076.5,1380636
7/9/2010,1072.5,1421564
7/8/2010,1067,2098747
7/7/2010,1059.25,2555689
7/6/2010,1024.25,2431442
7/2/2010,1014.25,2134035
7/1/2010,1021.75,3343250
6/30/2010,1026.5,2620502
6/29/2010,1035.25,3104749
6/28/2010,1071,1686715
6/25/2010,1074.75,2448151
6/24/2010,1070.5,2548207
6/23/2010,1087.5,2234836
6/22/2010,1090.5,2285497
6/21/2010,1110.5,2160771
6/18/2010,1118.83,58546
6/17/2010,1116.25,469613
6/16/2010,1114,589440
6/15/2010,1113.5,795131
6/14/2010,1090.5,887308
6/11/2010,1089.25,1167326
6/10/2010,1083.75,2420258
6/9/2010,1055.5,2970184
6/8/2010,1059.25,3399280
6/7/2010,1048,2390486
6/4/2010,1066,3210481
6/3/2010,1103.5,2031604
6/2/2010,1096.75,2214865
6/1/2010,1069.5,2592122
5/28/2010,1088.5,2367380
5/27/2010,1101,2929237
5/26/2010,1061.25,2925947
5/25/2010,1073,3431574
5/24/2010,1071,2225286
5/21/2010,1084.5,4023957
5/20/2010,1070,4373681
5/19/2010,1110,3585102
5/18/2010,1118.75,3092769
5/17/2010,1134.5,3045653
5/14/2010,1135.25,2954607
5/13/2010,1156.75,1963587
5/12/2010,1169.75,2106419
5/11/2010,1152.25,2659948
5/10/2010,1156.5,3638568
5/7/2010,1107,5013862
5/6/2010,1122.5,5674895
5/5/2010,1164,3056854
5/4/2010,1172.5,3552538
5/3/2010,1198.5,1796282
4/30/2010,1183.5,2896699
4/29/2010,1205.25,1978106
4/28/2010,1190,2857064
4/27/2010,1181,3590721
4/26/2010,1208.25,1621388
4/23/2010,1212.25,1856101
4/22/2010,1201.75,2668931
4/21/2010,1200.5,2148731
4/20/2010,1205.5,1533730
4/19/2010,1195.5,2469267
4/16/2010,1190.25,3584805
4/15/2010,1208.5,1732427
4/14/2010,1206.5,1723682
4/13/2010,1193,1553591
4/12/2010,1192.5,1250421
4/9/2010,1192.5,1450628
4/8/2010,1183.75,1900014
4/7/2010,1179,2150194
4/6/2010,1185.75,1395387
4/5/2010,1183,1025888
4/1/2010,1173.75,1933171
3/31/2010,1165.25,2101730
3/30/2010,1169.5,1642976
3/29/2010,1168.75,1453231
3/26/2010,1163.5,2158979
3/25/2010,1162.75,2354673
3/24/2010,1164.5,1983392
3/23/2010,1169.5,1852348
3/22/2010,1162,1915570
3/19/2010,1172.95,57789
3/18/2010,1166,323112
3/17/2010,1165.75,382975
3/16/2010,1159.5,534353
3/15/2010,1150.25,541039
3/12/2010,1151.25,820606
3/11/2010,1150.5,1642010
3/10/2010,1145.75,2112662
3/9/2010,1140.5,1759468
3/8/2010,1137,1175918
3/5/2010,1136.5,1869074
3/4/2010,1122.25,1456698
3/3/2010,1118.5,1581434
3/2/2010,1117.5,1502547
3/1/2010,1114.5,1614001
2/26/2010,1103.5,1942627
2/25/2010,1102.25,2696848
2/24/2010,1103.5,1882885
2/23/2010,1097.25,2224420
2/22/2010,1107.5,1317255
2/19/2010,1106.25,2095859
2/18/2010,1105.5,1831933
2/17/2010,1099.5,1669958
2/16/2010,1093.25,1760773
2/12/2010,1079,2746593
2/11/2010,1076.5,2261897
2/10/2010,1063.25,2200307
2/9/2010,1066.25,3014373
2/8/2010,1056,2046336
2/5/2010,1059.75,3963729
2/4/2010,1061.75,3296423
2/3/2010,1096.5,1883086
2/2/2010,1097.25,2102320
2/1/2010,1086.25,1896011
1/29/2010,1070.5,3042043
1/28/2010,1079.25,3030021
1/27/2010,1094.5,2614146
1/26/2010,1087.25,2431164
1/25/2010,1092.5,2059400
1/22/2010,1091,3516342
1/21/2010,1111,3413319
1/20/2010,1134,2370298
1/19/2010,1145.75,1915929
1/15/2010,1132.25,2031715
1/14/2010,1145.25,1346436
1/13/2010,1141.5,2110033
1/12/2010,1134,2089364
1/11/2010,1142.5,1444997
1/8/2010,1141.5,1508175
1/7/2010,1137.5,1553963
1/6/2010,1133,1252015
1/5/2010,1132.25,1368386
1/4/2010,1128.75,1282633
12/31/2009,1110.75,636905
12/30/2009,1122,593863
12/29/2009,1121.75,577267
12/28/2009,1123,472715
12/24/2009,1122,248984
12/23/2009,1115.5,724432
12/22/2009,1113.5,923487
12/21/2009,1108.25,1157286
12/18/2009,1102.38,58323
12/17/2009,1099,346525
12/16/2009,1110.5,401776
12/15/2009,1108.75,629375
12/14/2009,1113.5,757740
12/11/2009,1108,798580
12/10/2009,1102,1327831
12/9/2009,1095.5,2239481
12/8/2009,1090,2251962
12/7/2009,1103.75,1572214
12/4/2009,1108,2928961
12/3/2009,1098,2054949
12/2/2009,1108,1669060
12/1/2009,1108.5,1835688
11/30/2009,1094.75,2016591
11/27/2009,1089.5,1704981
11/25/2009,1109,1078340
11/24/2009,1103,1584089
